{"cameraMode":{"drawMode":0,"name":"Shaded","section":"Shading Mode"},"sceneLighting":false,"audioPlay":false,"sceneViewState":{"m_AlwaysRefresh":false,"showFog":true,"showSkybox":false,"showFlares":true,"showImageEffects":true,"showParticleSystems":true,"showVisualEffectGraphs":true,"m_FxEnabled":true},"in2DMode":false,"pivot":{"x":-6.2726874351501469,"y":10.713035583496094,"z":-2.785834789276123},"rotation":{"x":0.18418794870376588,"y":0.46908432245254519,"z":-0.10071779042482376,"w":0.8578413128852844},"size":9.851237297058106,"orthographic":true}